CONCURSO,F_1_9,F_10_19,F_20_29,F_30_39,F_40_49,F_50_56
3875,0,0,0,3,2,1
3874,1,2,2,0,1,0
3873,2,2,1,1,0,0
3872,0,1,1,2,1,1
3871,0,1,0,2,2,1
3870,2,0,0,0,4,0
3869,2,0,3,1,0,0
3868,1,2,1,1,1,0
3867,0,2,1,0,2,1
3866,3,0,1,0,0,2
3865,2,0,2,0,0,2
3864,3,1,1,0,0,1
3863,1,1,1,2,0,1
3862,0,2,1,1,1,1
3861,0,2,2,1,0,1
3860,0,2,1,0,2,1
3859,0,3,1,0,0,2
3858,0,1,2,0,3,0
3857,2,1,1,1,0,1
3856,0,2,1,1,1,1
3855,0,1,1,3,0,1
3854,1,3,0,0,2,0
3853,0,1,1,1,2,1
3852,0,0,3,2,0,1
3851,1,1,1,1,0,2
3850,0,1,2,1,1,1
3849,1,1,1,0,3,0
3848,2,1,1,0,2,0
3847,1,1,0,1,0,3
3846,0,2,0,0,1,3
3845,2,1,1,1,0,1
3844,0,1,1,1,2,1
3843,0,1,1,1,2,1
3842,2,0,2,1,0,1
3841,3,1,0,1,0,1
3840,2,0,2,1,1,0
3839,1,1,1,0,2,1
3838,0,2,0,2,1,1
3837,1,2,1,2,0,0
3836,1,2,1,2,0,0
3835,1,0,0,1,2,2
3834,0,2,0,1,2,1
3833,1,1,0,2,2,0
3832,1,0,1,0,2,2
3831,1,1,2,0,2,0
3830,0,1,1,0,3,1
3829,0,0,2,1,2,1
3828,2,0,2,1,0,1
3827,1,1,0,0,2,2
3826,2,0,1,1,1,1
3825,0,0,1,1,2,2
3824,0,0,2,1,3,0
3823,0,1,2,2,0,1
3822,0,4,1,0,1,0
3821,0,0,0,3,2,1
3820,0,0,2,1,1,2
3819,2,1,1,1,0,1
3818,0,1,2,2,1,0
3817,1,2,2,0,1,0
3816,0,1,0,0,3,2
3815,0,2,0,2,2,0
3814,0,1,2,2,0,1
3813,0,1,2,3,0,0
3812,0,0,0,3,2,1
3811,1,1,3,1,0,0
3810,0,1,2,0,2,1
3809,0,2,1,1,1,1
3808,3,0,1,0,1,1
3807,1,0,1,2,1,1
3806,1,2,1,0,2,0
3805,2,0,0,1,1,2
3804,1,1,1,1,1,1
3803,2,1,1,2,0,0
3802,0,0,3,1,1,1
3801,1,0,2,2,1,0
3800,1,0,0,1,3,1
3799,0,1,2,0,1,2
3798,0,3,1,1,0,1
3797,2,1,0,2,1,0
3796,1,1,0,2,2,0
3795,0,2,1,1,1,1
3794,2,0,0,1,3,0
3793,1,0,1,2,2,0
3792,1,1,1,3,0,0
3791,0,2,2,0,1,1
3790,2,1,2,1,0,0
3789,3,1,0,0,2,0
3788,2,2,0,2,0,0
3787,2,0,1,2,1,0
3786,2,0,2,1,0,1
3785,0,1,1,2,1,1
3784,3,0,0,1,1,1
3783,0,2,2,1,0,1
3782,1,0,2,0,3,0
3781,0,0,2,1,0,3
3780,3,2,0,1,0,0
3779,0,0,1,2,2,1
3778,0,2,1,1,1,1
3777,2,1,0,2,1,0
3776,1,3,0,0,2,0
3775,1,0,1,2,2,0
3774,2,0,0,3,1,0
3773,1,2,0,2,1,0
3772,1,2,0,2,1,0
3771,0,0,1,2,2,1
3770,0,0,0,3,2,1
3769,1,1,0,1,2,1
3768,3,2,0,0,1,0
3767,1,0,1,2,1,1
3766,1,1,1,2,1,0
3765,1,0,2,2,0,1
3764,1,1,1,0,2,1
3763,1,2,0,0,3,0
3762,0,0,1,2,2,1
3761,1,1,1,1,2,0
3760,1,2,2,0,1,0
3759,0,1,1,2,1,1
3758,2,0,2,1,1,0
3757,3,1,1,1,0,0
3756,0,1,1,2,2,0
3755,1,1,1,1,1,1
3754,2,0,2,0,1,1
3753,0,1,3,0,2,0
3752,1,0,2,2,1,0
3751,0,1,2,1,2,0
3750,0,2,1,1,1,1
3749,1,0,0,1,2,2
3748,0,1,4,0,0,1
3747,0,2,2,0,2,0
3746,1,1,3,1,0,0
3745,1,0,1,0,2,2
3744,1,2,1,1,1,0
3743,1,3,1,0,1,0
3742,0,2,0,1,1,2
3741,0,1,1,2,1,1
3740,4,1,1,0,0,0
3739,0,2,3,1,0,0
3738,1,0,3,2,0,0
3737,0,0,2,0,2,2
3736,2,1,0,3,0,0
3735,0,1,1,2,1,1
3734,1,1,1,2,1,0
3733,2,0,1,2,1,0
3732,2,2,0,0,2,0
3731,0,2,2,1,1,0
3730,0,2,3,1,0,0
3729,2,2,0,1,0,1
3728,2,1,0,0,1,2
3727,1,1,1,1,1,1
3726,1,1,1,3,0,0
3725,0,0,2,2,2,0
3724,1,1,0,1,2,1
3723,0,1,0,3,1,1
3722,2,3,1,0,0,0
3721,0,1,1,0,3,1
3720,0,1,2,1,2,0
3719,2,1,1,0,2,0
3718,2,1,1,1,1,0
3717,1,1,0,1,0,3
3716,1,1,2,1,0,1
3715,2,2,1,1,0,0
3714,1,2,0,1,2,0
3713,0,0,0,2,2,2
3712,0,3,1,1,1,0
3711,1,2,0,1,2,0
3710,1,0,1,1,1,2
3709,2,0,2,1,1,0
3708,2,0,0,1,2,1
3707,0,3,1,1,1,0
3706,0,1,0,3,0,2
3705,3,0,0,0,3,0
3704,0,2,0,1,3,0
3703,1,0,2,1,1,1
3702,2,0,1,1,0,2
3701,0,0,2,2,1,1
3700,0,1,2,1,1,1
3699,0,2,0,2,1,1
3698,1,2,0,0,1,2
3697,0,2,2,0,1,1
3696,2,0,2,0,1,1
3695,1,1,0,1,2,1
3694,1,2,1,0,1,1
3693,0,2,0,3,1,0
3692,0,1,0,1,3,1
3691,1,3,1,0,1,0
3690,0,3,2,0,0,1
3689,0,0,0,5,1,0
3688,1,2,1,0,1,1
3687,2,1,1,1,1,0
3686,0,1,2,0,1,2
3685,3,0,1,1,1,0
3684,0,1,3,0,1,1
3683,0,3,2,0,1,0
3682,1,2,2,0,1,0
3681,2,0,0,1,2,1
3680,1,1,2,0,1,1
3679,1,2,0,1,2,0
3678,2,1,3,0,0,0
3677,0,2,4,0,0,0
3676,1,0,0,3,1,1
3675,1,1,0,1,0,3
3674,1,2,1,0,1,1
3673,0,3,2,0,0,1
3672,1,1,1,1,1,1
3671,1,0,2,3,0,0
3670,1,0,3,0,1,1
3669,1,1,1,1,2,0
3668,1,1,0,2,1,1
3667,1,2,1,2,0,0
3666,1,1,0,2,1,1
3665,1,2,1,0,1,1
3664,2,1,0,2,0,1
3663,0,1,1,2,2,0
3662,1,1,1,1,0,2
3661,0,0,2,2,1,1
3660,1,2,0,1,1,1
3659,2,0,0,0,4,0
3658,1,0,1,2,2,0
3657,1,2,1,0,0,2
3656,0,2,2,0,1,1
3655,1,1,0,2,0,2
3654,0,0,1,4,1,0
3653,1,2,0,0,3,0
3652,1,0,0,2,3,0
3651,1,0,1,0,2,2
3650,0,0,1,4,1,0
3649,1,1,2,1,0,1
3648,1,0,0,3,1,1
3647,1,2,1,1,1,0
3646,0,1,1,3,1,0
3645,1,2,2,0,1,0
3644,1,0,0,4,1,0
3643,2,1,1,0,1,1
3642,1,2,1,1,1,0
3641,1,0,1,3,0,1
3640,0,1,1,2,2,0
3639,0,2,1,1,0,2
3638,2,1,1,2,0,0
3637,0,2,2,1,1,0
3636,3,0,2,1,0,0
3635,2,0,2,0,1,1
3634,0,1,0,1,3,1
3633,0,0,1,1,3,1
3632,0,3,0,1,1,1
3631,2,1,1,2,0,0
3630,2,2,0,1,1,0
3629,1,0,2,2,1,0
3628,0,3,1,1,0,1
3627,2,0,1,1,0,2
3626,2,1,2,1,0,0
3625,1,1,2,2,0,0
3624,1,0,2,2,0,1
3623,0,2,2,1,1,0
3622,2,1,1,0,2,0
3621,1,1,1,0,3,0
3620,1,2,1,0,1,1
3619,2,0,0,3,1,0
3618,1,2,1,0,2,0
3617,2,1,0,1,1,1
3616,1,1,0,2,1,1
3615,0,2,0,2,2,0
3614,1,1,2,1,1,0
3613,0,2,0,1,1,2
3612,1,2,0,2,1,0
3611,0,1,2,1,1,1
3610,1,1,0,1,3,0
3609,2,2,1,1,0,0
3608,1,1,0,2,2,0
3607,2,0,0,1,2,1
3606,1,3,1,1,0,0
3605,3,1,1,1,0,0
3604,2,0,1,0,1,2
3603,0,1,1,2,2,0
3602,1,0,1,1,2,1
3601,0,0,1,1,3,1
3600,1,1,0,2,1,1
3599,2,0,1,0,1,2
3598,0,1,3,0,0,2
3597,1,1,3,0,1,0
3596,1,1,1,1,1,1
3595,3,0,0,1,1,1
3594,0,1,0,2,1,2
3593,1,0,2,2,0,1
3592,1,1,1,1,1,1
3591,0,0,1,2,1,2
3590,2,0,1,0,3,0
3589,0,0,1,3,1,1
3588,2,1,0,0,2,1
3587,0,1,3,0,2,0
3586,2,2,0,2,0,0
3585,1,1,1,1,1,1
3584,1,2,0,1,2,0
3583,0,2,1,1,0,2
3582,1,0,1,1,2,1
3581,0,1,1,2,1,1
3580,1,1,2,0,1,1
3579,0,2,1,1,1,1
3578,0,1,1,1,3,0
3577,1,2,1,0,2,0
3576,1,1,1,2,1,0
3575,0,0,2,3,1,0
3574,0,2,1,1,2,0
3573,0,0,2,0,2,2
3572,1,1,3,0,1,0
3571,1,2,2,0,1,0
3570,2,0,0,2,1,1
3569,2,0,1,1,2,0
3568,0,1,2,3,0,0
3567,0,0,0,1,4,1
3566,2,0,1,0,1,2
3565,2,2,1,0,1,0
3564,2,1,0,1,0,2
3563,1,1,0,0,4,0
3562,1,0,0,3,1,1
3561,0,1,2,1,1,1
3560,1,0,1,3,1,0
3559,0,3,0,2,1,0
3558,0,1,3,2,0,0
3557,2,1,1,0,0,2
3556,2,1,2,1,0,0
3555,1,1,1,2,0,1
3554,1,2,0,1,2,0
3553,0,0,2,0,1,3
3552,2,1,0,1,0,2
3551,0,0,1,1,2,2
3550,3,0,1,0,1,1
3549,1,0,1,1,1,2
3548,1,2,1,0,1,1
3547,1,0,1,2,1,1
3546,0,1,1,0,1,3
3545,0,1,1,1,1,2
3544,0,2,1,0,2,1
3543,1,1,1,0,1,2
3542,1,0,0,2,2,1
3541,0,1,0,3,2,0
3540,2,1,1,0,1,1
3539,0,2,2,1,0,1
3538,3,0,3,0,0,0
3537,1,2,0,1,1,1
3536,1,1,2,2,0,0
3535,2,0,2,1,0,1
3534,1,1,1,1,1,1
3533,1,3,0,1,1,0
3532,2,1,1,1,1,0
3531,2,0,1,1,2,0
3530,0,1,1,2,2,0
3529,2,2,0,0,0,2
3528,1,1,1,1,1,1
3527,0,1,2,1,0,2
3526,2,0,0,1,1,2
3525,0,2,1,2,0,1
3524,0,1,0,1,3,1
3523,1,1,2,1,0,1
3522,1,1,0,1,3,0
3521,0,1,0,1,2,2
3520,0,0,1,1,3,1
3519,1,1,2,1,0,1
3518,3,1,2,0,0,0
3517,2,1,1,1,0,1
3516,0,2,0,1,2,1
3515,1,0,3,0,1,1
3514,1,2,2,0,1,0
3513,0,1,0,2,3,0
3512,0,0,3,2,0,1
3511,3,1,1,0,0,1
3510,1,1,0,1,3,0
3509,2,1,1,2,0,0
3508,1,0,2,2,1,0
3507,0,1,1,3,1,0
3506,1,4,0,0,0,1
3505,2,0,0,2,0,2
3504,2,0,1,1,1,1
3503,0,0,2,3,1,0
3502,1,1,0,3,0,1
3501,1,0,1,1,2,1
3500,0,1,3,1,1,0
3499,0,1,3,0,0,2
3498,0,0,2,1,0,3
3497,1,1,1,1,2,0
3496,0,3,2,1,0,0
3495,1,1,1,0,3,0
3494,1,1,2,1,1,0
3493,0,1,3,0,0,2
3492,0,0,2,0,3,1
3491,2,2,0,1,1,0
3490,1,1,1,1,1,1
3489,0,3,1,1,0,1
3488,1,0,1,1,2,1
3487,3,0,1,0,1,1
3486,2,2,0,0,1,1
3485,1,2,0,1,0,2
3484,2,0,2,0,2,0
3483,3,1,2,0,0,0
3482,1,3,1,0,0,1
3481,2,1,0,1,1,1
3480,1,0,2,2,1,0
3479,2,1,0,2,1,0
3478,0,1,1,1,1,2
3477,0,1,3,2,0,0
3476,0,1,1,2,2,0
3475,0,2,1,1,1,1
3474,1,2,1,1,1,0
3473,1,3,0,0,1,1
3472,1,0,2,1,1,1
3471,2,1,2,0,1,0
3470,0,2,1,0,2,1
3469,1,2,1,0,1,1
3468,1,0,2,1,1,1
3467,1,2,1,1,1,0
3466,0,2,0,1,2,1
3465,1,1,0,1,2,1
3464,1,1,0,0,4,0
3463,0,0,3,1,2,0
3462,1,1,2,1,1,0
3461,2,1,1,1,0,1
3460,2,0,0,2,0,2
3459,0,1,1,0,3,1
3458,0,1,0,2,0,3
3457,0,1,2,1,1,1
3456,0,1,1,0,2,2
3455,1,0,2,1,2,0
3454,0,1,2,1,2,0
3453,1,1,2,0,1,1
3452,1,1,0,0,3,1
3451,0,0,0,1,5,0
3450,0,3,0,0,2,1
3449,1,3,0,0,2,0
3448,0,3,1,0,1,1
3447,1,0,3,0,2,0
3446,2,1,1,0,1,1
3445,0,2,1,1,1,1
3444,1,3,0,0,1,1
3443,1,1,0,2,2,0
3442,0,1,1,3,0,1
3441,1,3,0,0,0,2
3440,2,0,1,0,2,1
3439,0,0,3,0,0,3
3438,1,3,1,0,1,0
3437,1,3,1,1,0,0
3436,1,1,2,1,0,1
3435,0,1,2,1,1,1
3434,1,1,1,0,0,3
3433,1,1,0,1,2,1
3432,2,1,2,1,0,0
3431,1,2,2,0,1,0
3430,0,1,0,2,3,0
3429,2,0,1,0,0,3
3428,1,2,1,0,1,1
3427,1,2,1,1,1,0
3426,0,2,2,0,2,0
3425,0,2,1,2,1,0
3424,1,0,2,0,2,1
3423,1,0,2,1,1,1
3422,0,1,2,1,2,0
3421,3,0,2,0,0,1
3420,2,1,0,0,2,1
3419,0,1,2,0,2,1
3418,1,1,0,2,0,2
3417,0,2,0,2,2,0
3416,3,0,1,0,0,2
3415,1,2,2,1,0,0
3414,0,2,1,1,0,2
3413,3,1,2,0,0,0
3412,1,2,1,1,0,1
3411,2,0,2,0,2,0
3410,0,0,1,2,2,1
3409,0,2,2,1,1,0
3408,1,1,2,1,1,0
3407,1,0,1,0,1,3
3406,1,1,0,0,3,1
3405,2,1,0,0,1,2
3404,1,2,2,1,0,0
3403,0,1,2,1,1,1
3402,1,2,0,1,1,1
3401,2,0,3,0,1,0
3400,1,1,0,2,2,0
3399,0,1,1,1,1,2
3398,1,1,1,1,2,0
3397,3,1,1,0,1,0
3396,1,0,2,0,2,1
3395,1,0,1,1,2,1
3394,0,2,1,0,3,0
3393,0,1,3,1,0,1
3392,4,0,1,1,0,0
3391,1,0,0,2,2,1
3390,0,1,3,0,1,1
3389,1,3,0,1,0,1
3388,2,0,1,1,1,1
3387,2,1,1,0,1,1
3386,0,1,2,2,0,1
3385,0,1,1,3,1,0
3384,1,0,1,1,1,2
3383,1,2,2,0,1,0
3382,0,1,2,1,2,0
3381,0,1,2,1,1,1
3380,0,2,2,0,2,0
3379,1,1,0,2,2,0
3378,2,0,1,0,1,2
3377,2,1,1,1,0,1
3376,3,2,0,0,1,0
3375,0,2,1,2,0,1
3374,0,1,1,1,1,2
3373,1,1,0,2,1,1
3372,2,0,0,2,1,1
3371,2,1,0,1,0,2
3370,1,0,1,1,2,1
3369,2,2,0,2,0,0
3368,1,2,0,2,1,0
3367,2,3,0,0,1,0
3366,0,1,1,1,1,2
3365,1,1,1,1,2,0
3364,1,1,0,0,2,2
3363,0,0,3,0,0,3
3362,2,0,2,1,1,0
3361,2,0,1,1,2,0
3360,0,1,2,1,0,2
3359,2,1,1,1,1,0
3358,2,1,0,1,0,2
3357,1,2,1,2,0,0
3356,1,0,3,1,1,0
3355,1,1,1,0,2,1
3354,0,2,2,1,0,1
3353,1,3,1,0,0,1
3352,0,2,0,0,4,0
3351,2,1,1,1,1,0
3350,0,1,0,3,1,1
3349,1,2,1,0,1,1
3348,2,1,1,2,0,0
3347,1,2,0,1,2,0
3346,0,1,1,3,1,0
3345,0,2,1,1,1,1
3344,1,1,1,2,0,1
3343,1,1,2,0,1,1
3342,2,0,1,0,2,1
3341,0,1,2,0,2,1
3340,0,0,1,1,3,1
3339,1,0,2,0,2,1
3338,0,1,1,2,1,1
3337,0,0,1,2,3,0
3336,2,0,2,0,1,1
3335,0,2,1,1,1,1
3334,1,2,0,2,1,0
3333,0,2,0,1,3,0
3332,0,1,3,0,2,0
3331,2,1,0,1,1,1
3330,1,0,0,3,0,2
3329,1,2,1,1,1,0
3328,1,0,0,2,2,1
3327,1,1,1,0,0,3
3326,2,2,0,1,1,0
3325,1,0,2,1,1,1
3324,1,0,2,0,1,2
3323,1,2,1,1,1,0
3322,1,1,1,0,0,3
3321,2,1,2,0,0,1
3320,1,1,1,0,1,2
3319,0,2,1,1,1,1
3318,2,0,3,0,0,1
3317,0,0,1,1,4,0
3316,1,1,2,1,1,0
3315,0,1,1,1,3,0
3314,2,2,0,0,1,1
3313,0,0,1,2,1,2
3312,1,2,2,1,0,0
3311,1,1,0,2,2,0
3310,2,0,1,1,1,1
3309,0,1,0,1,2,2
3308,1,2,1,2,0,0
3307,1,1,2,0,2,0
3306,0,1,3,1,1,0
3305,1,1,1,1,0,2
3304,3,1,1,0,1,0
3303,1,1,1,0,1,2
3302,2,1,0,1,2,0
3301,0,2,0,2,2,0
3300,1,2,1,0,2,0
3299,1,1,1,2,1,0
3298,1,0,1,1,2,1
3297,1,1,1,2,1,0
3296,0,0,1,1,3,1
3295,1,1,1,1,2,0
3294,0,0,3,1,0,2
3293,2,1,3,0,0,0
3292,2,2,1,1,0,0
3291,1,2,0,0,2,1
3290,0,1,2,2,1,0
3289,1,1,2,1,1,0
3288,1,1,2,0,0,2
3287,1,1,2,1,1,0
3286,0,3,1,1,1,0
3285,0,1,1,2,2,0
3284,0,0,0,1,3,2
3283,2,0,0,0,2,2
3282,2,1,2,0,1,0
3281,2,0,1,1,2,0
3280,1,0,0,1,2,2
3279,1,1,0,1,1,2
3278,0,2,1,2,1,0
3277,2,0,0,1,2,1
3276,2,0,2,1,0,1
3275,1,0,1,1,3,0
3274,3,0,1,1,0,1
3273,2,0,2,1,1,0
3272,0,1,1,2,2,0
3271,0,1,1,2,2,0
3270,2,0,0,3,0,1
3269,2,2,0,0,2,0
3268,1,3,0,0,0,2
3267,2,0,1,0,3,0
3266,0,2,0,0,2,2
3265,0,1,1,3,1,0
3264,0,3,1,1,1,0
3263,1,0,2,1,2,0
3262,1,2,0,1,1,1
3261,1,1,1,1,1,1
3260,1,1,2,1,1,0
3259,1,1,0,2,0,2
3258,1,2,2,0,0,1
3257,2,0,2,0,1,1
3256,1,0,0,4,1,0
3255,1,1,1,1,1,1
3254,2,1,0,2,1,0
3253,0,0,2,1,1,2
3252,1,2,0,0,2,1
3251,1,2,1,1,0,1
3250,3,1,0,1,1,0
3249,1,1,2,1,0,1
3248,1,0,0,2,1,2
3247,1,1,0,3,1,0
3246,2,0,1,0,3,0
3245,0,1,1,1,1,2
3244,1,0,2,1,1,1
3243,2,1,1,0,0,2
3242,0,0,3,1,2,0
3241,0,1,1,1,1,2
3240,1,0,2,1,1,1
3239,1,0,1,2,1,1
3238,0,3,2,0,1,0
3237,0,2,0,2,2,0
3236,1,1,2,1,1,0
3235,0,2,2,0,1,1
3234,1,2,2,1,0,0
3233,1,0,1,1,2,1
3232,0,1,2,2,1,0
3231,3,0,1,1,1,0
3230,1,0,2,0,1,2
3229,2,1,0,2,1,0
3228,1,1,0,2,2,0
3227,1,2,0,1,1,1
3226,0,2,3,1,0,0
3225,1,0,1,2,2,0
3224,1,3,0,0,1,1
3223,2,2,0,1,0,1
3222,0,3,1,0,1,1
3221,3,1,0,0,1,1
3220,0,1,0,3,1,1
3219,0,1,3,1,0,1
3218,2,2,0,0,2,0
3217,1,2,1,0,2,0
3216,0,0,0,2,4,0
3215,1,0,2,2,0,1
3214,0,1,1,0,1,3
3213,0,1,1,1,1,2
3212,1,1,0,1,1,2
3211,0,1,0,1,1,3
3210,0,1,2,1,2,0
3209,1,1,0,1,3,0
3208,1,0,2,0,2,1
3207,1,0,3,2,0,0
3206,2,1,0,0,1,2
3205,2,0,1,0,2,1
3204,2,0,0,2,1,1
3203,1,1,0,0,3,1
3202,0,1,3,1,0,1
3201,3,0,0,2,0,1
3200,0,2,0,1,1,2
3199,0,3,0,0,2,1
3198,1,1,1,2,1,0
3197,1,0,3,2,0,0
3196,1,1,2,1,0,1
3195,1,0,2,1,1,1
3194,2,2,0,2,0,0
3193,2,2,0,0,2,0
3192,0,0,2,1,1,2
3191,0,3,0,1,2,0
3190,0,3,0,0,2,1
3189,0,1,1,1,1,2
3188,3,2,0,1,0,0
3187,2,1,1,1,1,0
3186,2,1,0,2,0,1
3185,4,1,0,1,0,0
3184,0,1,0,3,1,1
3183,0,3,1,0,1,1
3182,0,2,0,1,3,0
3181,2,1,0,0,1,2
3180,1,0,2,1,2,0
3179,2,0,0,1,2,1
3178,1,0,3,1,1,0
3177,0,1,0,1,2,2
3176,0,2,0,2,0,2
3175,0,0,2,1,2,1
3174,0,2,1,1,1,1
3173,1,1,1,0,3,0
3172,0,5,1,0,0,0
3171,1,1,1,2,1,0
3170,0,0,1,2,3,0
3169,0,1,0,2,3,0
3168,1,1,2,0,0,2
3167,1,0,0,2,1,2
3166,0,1,2,2,0,1
3165,0,1,1,2,0,2
3164,0,1,2,1,0,2
3163,2,0,2,0,2,0
3162,1,1,2,0,2,0
3161,0,1,2,1,1,1
3160,2,0,2,1,1,0
3159,0,0,1,2,2,1
3158,0,0,2,1,1,2
3157,0,2,1,2,1,0
3156,1,1,3,1,0,0
3155,2,2,0,1,0,1
3154,0,2,1,1,1,1
3153,0,2,1,0,2,1
3152,0,1,1,2,2,0
3151,0,1,1,2,1,1
3150,2,0,2,0,2,0
3149,2,0,1,3,0,0
3148,3,1,1,0,1,0
3147,0,2,1,2,0,1
3146,1,3,0,2,0,0
3145,2,1,2,1,0,0
3144,0,1,0,2,1,2
3143,1,0,1,2,2,0
3142,1,2,0,0,0,3
3141,2,1,1,0,2,0
3140,0,2,1,1,2,0
3139,1,2,1,1,1,0
3138,1,0,0,2,1,2
3137,2,0,3,1,0,0
3136,0,0,1,3,1,1
3135,1,1,1,0,3,0
3134,1,1,0,2,1,1
3133,0,0,3,2,1,0
3132,1,1,2,1,0,1
3131,0,0,0,3,2,1
3130,2,1,2,1,0,0
3129,1,1,0,2,1,1
3128,2,1,0,0,1,2
3127,0,0,0,1,4,1
3126,2,0,0,1,2,1
3125,1,1,1,1,1,1
3124,0,2,1,0,1,2
3123,0,0,1,1,2,2
3122,1,0,2,1,1,1
3121,1,2,1,2,0,0
3120,2,2,1,1,0,0
3119,2,2,0,0,2,0
3118,1,2,3,0,0,0
3117,2,1,0,0,3,0
3116,1,0,1,2,1,1
3115,1,1,0,0,4,0
3114,0,2,1,1,2,0
3113,0,2,3,0,1,0
3112,0,1,2,0,1,2
3111,2,0,1,1,0,2
3110,1,1,1,0,1,2
3109,0,1,1,2,2,0
3108,0,1,2,1,2,0
3107,1,1,1,0,1,2
3106,2,1,2,0,1,0
3105,1,2,0,2,1,0
3104,0,2,0,3,1,0
3103,3,2,0,1,0,0
3102,2,0,1,1,1,1
3101,3,2,1,0,0,0
3100,1,1,1,0,1,2
3099,1,3,0,1,1,0
3098,0,1,3,1,1,0
3097,0,1,1,2,2,0
3096,1,1,2,1,1,0
3095,1,0,3,0,2,0
3094,0,0,2,1,2,1
3093,2,1,2,0,0,1
3092,0,1,0,2,3,0
3091,1,2,0,2,0,1
3090,2,0,1,2,0,1
3089,2,0,1,1,2,0
3088,1,1,2,0,0,2
3087,0,1,2,2,1,0
3086,0,1,2,1,0,2
3085,2,2,1,1,0,0
3084,0,1,1,1,1,2
3083,0,2,1,1,0,2
3082,3,1,1,1,0,0
3081,2,1,0,3,0,0
3080,0,1,0,1,2,2
3079,2,0,1,1,1,1
3078,2,1,1,1,1,0
3077,0,0,2,1,2,1
3076,0,3,1,0,0,2
3075,1,0,2,1,1,1
3074,0,1,1,2,1,1
3073,0,2,1,0,1,2
3072,0,1,1,3,1,0
3071,0,1,2,0,2,1
3070,2,1,0,1,2,0
3069,0,1,2,1,1,1
3068,0,1,1,2,1,1
3067,2,0,3,0,1,0
3066,4,0,0,0,1,1
3065,1,1,2,1,1,0
3064,3,1,1,0,0,1
3063,2,1,1,0,1,1
3062,1,2,1,1,1,0
3061,1,1,0,2,2,0
3060,1,1,1,1,2,0
3059,2,1,2,1,0,0
3058,2,2,0,1,1,0
3057,2,2,0,1,0,1
3056,0,0,3,1,0,2
3055,1,2,1,2,0,0
3054,1,1,0,1,1,2
3053,0,2,1,1,2,0
3052,2,0,2,1,1,0
3051,2,0,1,1,2,0
3050,1,2,3,0,0,0
3049,0,1,1,1,2,1
3048,1,2,0,1,2,0
3047,2,1,1,1,0,1
3046,0,4,1,0,0,1
3045,2,1,0,0,0,3
3044,0,0,2,1,2,1
3043,1,0,2,2,1,0
3042,1,2,1,0,2,0
3041,1,1,1,2,1,0
3040,1,1,2,1,1,0
3039,1,0,0,3,2,0
3038,2,0,0,1,0,3
3037,0,1,3,0,1,1
3036,1,0,2,2,1,0
3035,1,2,2,0,1,0
3034,0,1,0,3,1,1
3033,1,0,2,1,2,0
3032,0,0,2,2,0,2
3031,3,0,1,1,1,0
3030,0,1,1,2,0,2
3029,1,0,2,0,2,1
3028,0,0,2,1,1,2
3027,2,1,0,2,0,1
3026,0,3,2,0,1,0
3025,1,1,2,0,2,0
3024,0,1,2,0,1,2
3023,1,1,0,0,1,3
3022,0,3,1,1,1,0
3021,0,1,2,1,2,0
3020,0,0,1,1,3,1
3019,1,0,2,1,2,0
3018,0,0,1,1,2,2
3017,0,1,4,0,0,1
3016,2,0,0,1,2,1
3015,2,1,1,1,0,1
3014,1,2,1,0,2,0
3013,0,2,3,1,0,0
3012,1,0,2,1,0,2
3011,1,0,1,3,0,1
3010,0,0,2,1,1,2
3009,0,4,1,0,0,1
3008,3,1,0,2,0,0
3007,0,0,1,1,2,2
3006,1,0,0,1,2,2
3005,0,1,1,1,2,1
3004,1,0,1,1,3,0
3003,2,1,1,2,0,0
3002,0,1,1,2,1,1
3001,2,0,2,0,1,1
3000,0,0,2,1,1,2
2999,3,0,1,1,0,1
2998,1,0,2,1,2,0
2997,1,2,0,0,1,2
2996,0,1,2,1,2,0
2995,1,2,1,0,2,0
2994,2,1,1,1,1,0
2993,0,1,1,2,1,1
2992,2,0,0,1,1,2
2991,0,2,1,1,1,1
2990,0,1,1,1,3,0
2989,1,0,1,1,2,1
2988,1,0,0,1,3,1
2987,0,0,1,1,2,2
2986,0,0,2,1,1,2
2985,2,0,2,1,1,0
2984,1,2,1,0,2,0
2983,2,2,0,1,0,1
2982,1,1,1,0,1,2
2981,1,0,2,1,1,1
2980,2,0,2,0,1,1
2979,0,4,0,0,1,1
2978,1,1,0,0,3,1
2977,1,3,0,1,0,1
2976,1,2,1,1,0,1
2975,0,1,3,0,2,0
2974,1,1,1,2,0,1
2973,1,3,0,0,2,0
2972,0,0,1,2,2,1
2971,2,0,1,0,2,1
2970,1,1,0,1,2,1
2969,1,2,1,1,1,0
2968,0,2,1,1,2,0
2967,2,0,2,1,1,0
2966,2,1,1,1,1,0
2965,2,0,1,2,0,1
2964,2,0,0,2,1,1
2963,0,3,0,1,2,0
2962,1,3,0,1,1,0
2961,1,1,1,1,1,1
2960,0,1,3,0,2,0
2959,0,2,1,1,2,0
2958,1,0,2,1,1,1
2957,2,1,1,1,1,0
2956,1,2,1,1,0,1
2955,2,0,0,1,1,2
2954,0,1,3,1,0,1
2953,1,1,1,2,1,0
2952,1,2,2,0,1,0
2951,0,1,3,0,1,1
2950,2,0,2,1,1,0
2949,0,2,0,1,1,2
2948,1,1,1,0,3,0
2947,1,1,0,2,0,2
2946,1,1,1,2,0,1
2945,1,0,2,1,1,1
2944,2,1,0,0,1,2
2943,2,0,0,2,1,1
2942,1,1,1,0,3,0
2941,0,0,3,1,1,1
2940,0,0,0,2,3,1
2939,1,0,0,2,2,1
2938,0,1,2,2,1,0
2937,1,1,1,2,0,1
2936,0,2,2,1,1,0
2935,0,1,2,1,1,1
2934,1,3,0,2,0,0
2933,1,0,0,2,2,1
2932,0,0,3,1,1,1
2931,1,0,2,2,1,0
2930,1,1,0,2,1,1
2929,2,1,0,1,1,1
2928,1,1,1,1,0,2
2927,2,0,0,1,2,1
2926,1,0,1,2,1,1
2925,1,1,1,1,2,0
2924,0,2,1,1,1,1
2923,0,2,1,1,1,1
2922,1,1,2,0,0,2
2921,2,1,1,1,0,1
2920,0,2,1,0,3,0
2919,0,2,1,2,1,0
2918,1,1,0,2,2,0
2917,0,3,0,0,1,2
2916,2,3,1,0,0,0
2915,1,0,2,1,1,1
2914,3,0,1,1,1,0
2913,1,1,2,1,0,1
2912,1,1,1,1,2,0
2911,1,0,0,2,1,2
2910,0,2,2,2,0,0
2909,1,2,2,0,1,0
2908,0,2,0,1,2,1
2907,1,1,1,3,0,0
2906,1,1,1,1,1,1
2905,0,3,0,1,1,1
2904,2,1,1,0,0,2
2903,1,0,3,0,1,1
2902,1,0,1,1,3,0
2901,1,2,0,0,0,3
2900,0,0,2,2,2,0
2899,2,1,1,2,0,0
2898,0,1,2,1,1,1
2897,0,2,2,0,2,0
2896,1,1,1,2,1,0
2895,2,2,1,1,0,0
2894,2,1,1,1,0,1
2893,0,2,1,0,1,2
2892,1,1,0,3,1,0
2891,2,1,1,1,0,1
2890,1,1,1,2,1,0
2889,1,0,0,2,3,0
2888,2,1,0,1,1,1
2887,2,2,0,1,1,0
2886,1,1,2,0,1,1
2885,3,1,0,1,1,0
2884,2,0,0,1,1,2
2883,2,0,1,2,0,1
2882,2,1,1,0,1,1
2881,0,1,1,0,3,1
2880,2,0,1,2,1,0
2879,0,0,1,1,3,1
2878,0,2,2,1,0,1
2877,0,0,1,3,2,0
2876,0,1,2,1,1,1
2875,0,0,1,3,1,1
2874,2,1,2,0,1,0
2873,1,1,0,1,1,2
2872,2,0,1,1,2,0
2871,1,3,1,0,0,1
2870,1,0,3,1,0,1
2869,0,1,2,1,1,1
2868,1,2,2,1,0,0
2867,0,2,2,1,0,1
2866,3,0,2,0,1,0
2865,2,1,1,1,1,0
2864,2,1,0,1,1,1
2863,0,1,0,2,3,0
2862,1,1,0,0,4,0
2861,1,2,1,1,1,0
2860,1,0,2,2,0,1
2859,2,0,3,1,0,0
2858,1,0,1,1,0,3
2857,3,0,1,0,0,2
2856,1,2,0,2,0,1
2855,0,2,1,1,1,1
2854,2,1,1,0,2,0
2853,0,0,0,1,4,1
2852,1,1,1,1,1,1
2851,2,2,1,0,1,0
2850,0,2,0,0,2,2
2849,0,2,1,0,2,1
2848,1,3,0,1,1,0
2847,1,0,1,1,1,2
2846,0,3,0,1,1,1
2845,1,1,1,0,3,0
2844,0,1,2,1,1,1
2843,0,2,1,2,1,0
2842,0,2,1,3,0,0
2841,1,0,0,2,3,0
2840,0,1,1,1,1,2
2839,3,0,2,0,0,1
2838,3,0,1,1,0,1
2837,0,0,3,0,3,0
2836,0,3,1,1,1,0
2835,1,0,1,0,3,1
2834,0,0,2,3,0,1
2833,1,1,1,1,1,1
2832,1,1,1,3,0,0
2831,2,1,0,1,1,1
2830,3,1,0,1,1,0
2829,0,3,1,1,1,0
2828,0,0,3,1,2,0
2827,2,0,0,1,2,1
2826,2,2,0,0,1,1
2825,0,1,1,0,0,4
2824,0,2,0,2,0,2
2823,1,0,1,2,2,0
2822,2,0,0,1,3,0
2821,2,1,0,0,2,1
2820,0,1,1,3,0,1
2819,1,1,1,2,0,1
2818,1,3,0,0,2,0
2817,1,1,2,0,1,1
2816,0,3,2,0,0,1
2815,1,0,2,2,1,0
2814,1,0,2,1,1,1
2813,2,1,1,0,0,2
2812,1,2,1,1,0,1
2811,2,1,2,1,0,0
2810,0,1,1,1,1,2
2809,0,0,0,3,2,1
2808,2,1,2,0,1,0
2807,1,1,1,1,1,1
2806,1,3,1,1,0,0
2805,1,1,1,2,1,0
2804,1,1,1,1,1,1
2803,1,2,0,0,2,1
2802,2,0,0,2,1,1
2801,2,2,0,2,0,0
2800,0,1,1,1,1,2
2799,1,0,1,2,0,2
2798,2,1,1,0,1,1
2797,2,1,2,1,0,0
2796,2,1,0,1,0,2
2795,1,2,1,2,0,0
2794,1,0,1,1,1,2
2793,0,1,0,2,1,2
2792,3,0,2,0,0,1
2791,0,1,2,2,1,0
2790,2,1,3,0,0,0
2789,0,3,1,0,2,0
2788,1,2,1,1,0,1
2787,0,1,1,3,0,1
2786,0,3,1,0,2,0
2785,3,2,0,0,0,1
2784,3,2,0,1,0,0
2783,1,2,0,1,0,2
2782,1,1,1,1,2,0
2781,0,2,1,1,2,0
2780,1,1,1,0,2,1
2779,1,0,5,0,0,0
2778,1,0,2,0,2,1
2777,1,2,0,2,0,1
2776,3,1,0,2,0,0
2775,2,0,0,1,1,2
2774,2,1,0,2,1,0
2773,1,1,0,0,3,1
2772,2,1,1,0,2,0
2771,1,1,0,1,1,2
2770,3,1,0,0,0,2
2769,0,2,0,3,1,0
2768,0,0,3,1,0,2
2767,1,0,2,3,0,0
2766,0,2,2,0,1,1
2765,1,1,2,1,0,1
2764,1,1,3,0,1,0
2763,1,1,1,3,0,0
2762,1,0,1,0,0,4
2761,1,0,1,2,1,1
2760,1,1,1,2,1,0
2759,2,1,1,2,0,0
2758,1,1,0,1,2,1
2757,1,2,0,1,0,2
2756,1,2,0,1,1,1
2755,1,0,2,2,1,0
2754,2,1,0,3,0,0
2753,3,1,0,1,0,1
2752,0,0,1,2,2,1
2751,1,1,1,1,1,1
2750,2,0,1,2,1,0
2749,1,0,1,2,1,1
2748,1,1,2,1,1,0
2747,2,1,1,1,0,1
2746,1,0,1,2,1,1
2745,1,1,3,0,1,0
2744,1,0,1,3,0,1
2743,0,1,3,1,0,1
2742,0,3,1,1,1,0
2741,1,0,1,2,2,0
2740,1,2,1,1,0,1
2739,0,2,2,1,1,0
2738,1,1,2,1,1,0
2737,0,1,0,1,1,3
2736,0,1,1,1,1,2
2735,1,1,0,0,2,2
2734,3,1,1,0,1,0
2733,1,2,1,2,0,0
2732,0,2,0,2,1,1
2731,0,1,0,2,2,1
2730,0,2,0,2,1,1
2729,1,1,0,2,1,1
2728,0,2,2,0,2,0
2727,0,1,1,1,3,0
2726,2,1,1,1,0,1
2725,0,2,1,2,0,1
2724,2,1,1,1,1,0
2723,0,2,2,0,1,1
2722,1,2,0,0,1,2
2721,1,1,1,2,1,0
2720,3,1,1,0,1,0
2719,2,0,0,1,1,2
2718,0,0,2,2,0,2
2717,1,1,1,1,2,0
2716,1,1,1,0,2,1
2715,2,0,0,1,2,1
2714,0,0,1,1,2,2
2713,0,2,0,1,2,1
2712,1,1,0,2,2,0
2711,0,1,0,4,0,1
2710,0,3,2,1,0,0
2709,2,0,1,0,3,0
2708,1,0,1,1,2,1
2707,2,1,2,0,1,0
2706,2,0,1,1,0,2
2705,2,1,0,0,1,2
2704,0,0,2,1,1,2
2703,0,3,2,0,0,1
2702,0,1,3,0,2,0
2701,0,3,1,2,0,0
2700,0,2,1,0,3,0
2699,0,0,2,1,2,1
2698,0,1,2,3,0,0
2697,2,0,1,1,2,0
2696,0,2,3,0,1,0
2695,0,0,2,1,2,1
2694,1,1,1,1,2,0
2693,1,1,1,2,0,1
2692,2,1,1,1,1,0
2691,1,0,0,1,3,1
2690,0,2,1,1,1,1
2689,2,1,2,0,1,0
2688,2,1,2,0,1,0
2687,2,0,2,1,1,0
2686,1,1,1,2,0,1
2685,1,1,1,1,2,0
2684,0,1,2,1,1,1
2683,0,1,1,0,1,3
2682,0,1,2,1,1,1
2681,0,1,2,0,1,2
2680,1,2,1,0,1,1
2679,0,1,1,2,2,0
2678,1,3,1,0,1,0
2677,0,1,2,3,0,0
2676,2,2,1,0,1,0
2675,1,1,1,1,2,0
2674,0,1,0,1,3,1
2673,0,0,2,2,2,0
2672,0,0,0,2,4,0
2671,2,2,0,0,1,1
2670,1,0,1,2,1,1
2669,0,0,1,2,0,3
2668,2,2,1,1,0,0
2667,3,0,1,1,1,0
2666,2,0,2,1,1,0
2665,2,0,2,1,1,0
2664,0,1,2,1,1,1
2663,1,0,1,2,0,2
2662,0,0,2,3,1,0
2661,2,0,1,1,2,0
2660,1,2,1,1,1,0
2659,0,2,2,1,0,1
2658,0,0,1,1,3,1
2657,0,1,1,2,0,2
2656,2,2,1,0,1,0
2655,0,1,1,1,1,2
2654,4,0,1,1,0,0
2653,0,1,1,2,1,1
2652,0,2,3,0,1,0
2651,1,2,1,1,0,1
2650,0,2,2,1,0,1
2649,0,3,1,1,1,0
2648,1,1,0,0,2,2
2647,0,1,1,3,1,0
2646,1,2,2,0,1,0
2645,1,0,1,2,1,1
2644,1,1,2,0,1,1
2643,0,3,1,1,1,0
2642,1,0,0,2,1,2
2641,1,2,1,1,1,0
2640,0,2,1,2,1,0
2639,0,0,1,2,2,1
2638,0,2,2,1,1,0
2637,0,2,0,4,0,0
2636,1,1,1,3,0,0
2635,2,1,0,0,2,1
2634,1,2,0,0,1,2
2633,2,2,0,2,0,0
2632,1,0,1,1,2,1
2631,2,1,0,1,1,1
2630,1,1,0,0,2,2
2629,1,0,3,0,1,1
2628,1,1,0,2,1,1
2627,0,1,0,3,0,2
2626,0,1,1,2,1,1
2625,0,1,2,1,1,1
2624,2,0,1,1,1,1
2623,2,1,0,0,1,2
2622,1,0,1,1,1,2
2621,2,2,0,1,1,0
2620,2,0,2,1,0,1
2619,1,1,2,1,0,1
2618,1,0,2,1,1,1
2617,0,0,3,1,1,1
2616,1,1,1,1,1,1
2615,3,0,2,0,0,1
2614,1,0,1,2,0,2
2613,0,2,0,1,2,1
2612,1,1,1,1,2,0
2611,2,1,1,1,0,1
2610,1,0,1,3,0,1
2609,0,1,1,3,1,0
2608,2,0,1,0,2,1
2607,0,2,0,1,0,3
2606,0,1,2,1,1,1
2605,3,1,1,0,0,1
2604,3,1,1,0,0,1
2603,2,2,1,1,0,0
2602,3,0,0,2,0,1
2601,0,1,1,0,1,3
2600,2,1,0,0,0,3
2599,0,0,3,0,3,0
2598,1,0,0,1,3,1
2597,1,1,0,2,1,1
2596,2,0,0,3,1,0
2595,1,1,1,2,0,1
2594,3,0,3,0,0,0
2593,1,1,0,1,3,0
2592,0,3,2,1,0,0
2591,0,2,1,1,1,1
2590,1,2,0,1,2,0
2589,2,1,0,2,1,0
2588,1,2,0,0,2,1
2587,1,0,1,1,2,1
2586,0,1,4,0,1,0
2585,2,1,1,1,0,1
2584,2,0,1,0,2,1
2583,0,2,2,0,2,0
2582,2,0,0,2,1,1
2581,2,1,1,0,0,2
2580,1,0,3,0,1,1
2579,1,1,0,0,3,1
2578,0,0,1,3,0,2
2577,2,1,1,0,1,1
2576,1,1,1,0,3,0
2575,1,3,0,2,0,0
2574,2,1,1,0,1,1
2573,0,0,2,1,2,1
2572,1,2,1,0,1,1
2571,0,1,3,1,1,0
2570,1,2,1,0,1,1
2569,3,0,1,0,1,1
2568,0,1,2,1,1,1
2567,0,3,0,1,1,1
2566,0,3,1,0,1,1
2565,1,0,1,2,1,1
2564,1,2,0,1,1,1
2563,0,1,1,2,2,0
2562,2,2,1,0,0,1
2561,0,1,1,1,3,0
2560,1,2,1,0,2,0
2559,2,1,0,1,2,0
2558,1,2,0,2,0,1
2557,1,1,3,1,0,0
2556,1,1,2,2,0,0
2555,1,0,2,1,1,1
2554,1,1,2,2,0,0
2553,0,0,1,1,2,2
2552,2,1,1,2,0,0
2551,2,0,1,0,1,2
2550,1,1,0,2,2,0
2549,1,2,1,0,2,0
2548,1,1,0,1,1,2
2547,2,0,2,0,1,1
2546,1,0,1,3,1,0
2545,1,1,2,1,1,0
2544,0,2,0,1,2,1
2543,1,1,2,0,0,2
2542,2,2,0,1,1,0
2541,1,1,2,0,1,1
2540,3,0,1,0,1,1
2539,0,3,1,0,1,1
2538,0,0,4,1,1,0
2537,1,2,0,2,1,0
2536,1,0,3,0,0,2
2535,2,0,1,1,1,1
2534,1,1,1,1,2,0
2533,2,0,1,0,1,2
2532,1,1,2,1,0,1
2531,2,1,0,1,1,1
2530,1,1,2,0,1,1
2529,2,2,1,0,1,0
2528,1,1,1,3,0,0
2527,1,2,1,0,1,1
2526,1,0,2,2,0,1
2525,1,1,1,1,1,1
2524,2,0,1,1,1,1
2523,1,1,0,0,3,1
2522,3,0,1,1,0,1
2521,0,0,1,2,2,1
2520,2,0,1,0,2,1
2519,0,0,1,1,2,2
2518,1,0,2,2,0,1
2517,1,0,2,0,1,2
2516,2,2,1,0,1,0
2515,1,2,2,1,0,0
2514,0,3,1,0,2,0
2513,0,2,2,2,0,0
2512,0,1,1,1,1,2
2511,0,2,3,0,0,1
2510,0,1,0,2,2,1
2509,0,1,3,2,0,0
2508,2,1,0,1,1,1
2507,2,1,1,1,1,0
2506,2,2,1,1,0,0
2505,1,0,1,1,1,2
2504,2,2,2,0,0,0
2503,1,0,3,0,1,1
2502,1,1,1,2,0,1
2501,0,0,3,0,1,2
2500,1,1,1,1,2,0
2499,1,1,1,1,2,0
2498,1,0,2,1,1,1
2497,1,1,1,0,1,2
2496,1,1,1,2,1,0
2495,1,1,1,0,2,1
2494,1,1,0,0,4,0
2493,1,0,0,1,2,2
2492,1,2,0,0,0,3
2491,2,1,1,0,1,1
2490,2,0,4,0,0,0
2489,0,0,2,1,2,1
2488,0,0,1,2,2,1
2487,0,1,1,1,1,2
2486,2,0,1,3,0,0
2485,0,1,1,3,1,0
2484,1,1,0,1,2,1
2483,1,1,1,1,0,2
2482,0,0,1,2,2,1
2481,1,0,2,1,1,1
2480,1,2,0,1,1,1
2479,1,1,0,2,2,0
2478,0,1,2,1,0,2
2477,2,3,0,1,0,0
2476,0,1,1,1,3,0
2475,0,2,2,0,0,2
2474,1,2,0,1,2,0
2473,1,1,0,1,3,0
2472,1,0,1,2,1,1
2471,1,2,0,2,1,0
2470,2,2,0,1,1,0
2469,2,1,0,1,2,0
2468,2,1,1,1,0,1
2467,0,2,0,2,1,1
2466,2,2,0,1,1,0
2465,1,0,1,1,1,2
2464,0,2,0,1,2,1
2463,2,1,2,1,0,0
2462,2,2,1,1,0,0
2461,2,1,1,1,1,0
2460,0,1,1,3,1,0
2459,2,0,1,0,1,2
2458,1,3,2,0,0,0
2457,0,0,2,2,2,0
2456,1,3,2,0,0,0
2455,1,1,1,1,1,1
2454,2,1,1,1,0,1
2453,1,1,1,1,1,1
2452,1,1,2,0,1,1
2451,0,0,1,2,2,1
2450,2,1,2,1,0,0
2449,2,1,0,1,2,0
2448,0,1,0,3,0,2
2447,3,0,1,1,0,1
2446,1,1,0,2,1,1
2445,0,2,0,0,1,3
2444,0,0,2,1,1,2
2443,1,1,3,1,0,0
2442,1,2,0,0,2,1
2441,2,1,0,0,2,1
2440,1,1,1,1,1,1
2439,0,0,2,3,1,0
2438,2,1,0,2,0,1
2437,2,2,0,0,0,2
2436,2,1,1,0,2,0
2435,2,0,1,1,0,2
2434,1,1,0,1,2,1
2433,2,1,0,2,1,0
2432,0,2,0,1,2,1
2431,2,1,2,0,1,0
2430,1,1,2,2,0,0
2429,0,2,1,1,2,0
2428,2,0,0,1,1,2
2427,1,0,2,2,1,0
2426,1,0,2,1,1,1
2425,1,2,1,1,1,0
2424,0,1,1,3,1,0
2423,1,1,3,0,0,1
2422,0,1,3,2,0,0
2421,1,3,0,0,1,1
2420,0,1,2,1,0,2
2419,1,0,1,2,1,1
2418,0,2,1,1,2,0
2417,0,3,1,1,1,0
2416,0,2,0,1,1,2
2415,0,2,2,0,1,1
2414,0,2,2,2,0,0
2413,2,1,1,2,0,0
2412,2,0,0,0,1,3
2411,2,0,1,0,2,1
2410,0,3,1,1,1,0
2409,2,0,1,2,0,1
2408,1,0,2,1,2,0
2407,2,2,0,1,0,1
2406,2,1,0,1,1,1
2405,0,1,1,0,2,2
2404,2,0,2,0,1,1
2403,1,2,1,1,1,0
2402,0,1,1,2,1,1
2401,0,2,2,0,1,1
2400,3,1,1,1,0,0
2399,2,1,2,0,0,1
2398,1,0,1,0,2,2
2397,0,1,2,2,1,0
2396,2,0,1,1,1,1
2395,1,0,1,2,1,1
2394,1,1,1,0,1,2
2393,1,0,0,3,1,1
2392,1,0,2,0,3,0
2391,2,2,1,1,0,0
2390,1,0,0,2,2,1
2389,1,2,0,1,1,1
2388,0,2,1,1,2,0
2387,1,3,0,0,0,2
2386,0,1,3,0,2,0
2385,0,2,0,2,1,1
2384,1,1,2,1,1,0
2383,0,1,2,1,2,0
2382,2,1,0,1,1,1
2381,0,0,4,0,2,0
2380,3,0,2,0,1,0
2379,0,1,2,1,1,1
2378,0,2,3,1,0,0
2377,2,0,2,2,0,0
2376,2,0,1,0,2,1
2375,1,1,1,2,0,1
2374,1,2,0,1,2,0
2373,1,1,1,0,1,2
2372,1,1,1,2,1,0
2371,2,1,2,1,0,0
,0.974750831,1.041196013,1.087043189,1.03654485,1.095681063,0.764784053
